reading,symbol,fut_net,call_net_w,put_net_w,new_net
2026-09-07_1130,360ONE,5.0,0.72,1.78,7.5
2026-09-07_1130,ABB,21.0,-3.53,4.88,22.35
2026-09-07_1130,ABCAPITAL,9.0,1.41,2.22,12.63
2026-09-07_1130,ADANIENSOL,46.0,13.37,-0.19,59.18
2026-09-07_1130,ADANIENT,43.0,18.81,-3.37,58.44
2026-09-07_1130,ADANIGREEN,41.0,-1.26,2.88,42.62
2026-09-07_1130,ADANIPORTS,30.0,-5.96,3.53,27.58
2026-09-07_1130,ADANIPOWER,60.0,9.32,4.08,73.4
2026-09-07_1130,ALKEM,3.0,0.86,0.0,3.86
2026-09-07_1130,AMBER,13.0,7.49,0.11,20.6
2026-09-07_1130,AMBUJACEM,73.0,15.08,11.19,99.27
2026-09-07_1130,ANGELONE,12.0,5.25,-0.43,16.82
2026-09-07_1130,APLAPOLLO,2.0,-1.46,0.65,1.19
2026-09-07_1130,APOLLOHOSP,3.0,-3.29,2.69,2.4
2026-09-07_1130,ASHOKLEY,28.0,4.86,10.69,43.55
2026-09-07_1130,ASIANPAINT,18.0,4.45,1.73,24.18
2026-09-07_1130,ASTRAL,11.0,-1.18,3.8,13.62
2026-09-07_1130,ATHERENERG,3.0,6.15,1.0,10.15
2026-09-07_1130,AUBANK,3.0,2.77,1.88,7.65
2026-09-07_1130,AUROPHARMA,4.0,1.36,0.71,6.07
2026-09-07_1130,AXISBANK,30.0,-7.52,25.0,47.48
2026-09-07_1130,BAJAJ-AUTO,5.0,3.44,0.31,8.75
2026-09-07_1130,BAJAJFINSV,1.0,5.56,0.43,7.0
2026-09-07_1130,BAJAJHLDNG,1.0,0.0,0.0,1.0
2026-09-07_1130,BAJFINANCE,17.0,8.25,1.18,26.43
2026-09-07_1130,BANDHANBNK,34.0,1.49,46.03,81.53
2026-09-07_1130,BANKBARODA,57.0,-5.74,23.95,75.21
2026-09-07_1130,BANKINDIA,14.0,-1.73,5.32,17.58
2026-09-07_1130,BANKNIFTY,91.0,39.0,23.27,153.26
2026-09-07_1130,BDL,32.0,6.11,2.38,40.49
2026-09-07_1130,BEL,87.0,3.83,18.24,109.07
2026-09-07_1130,BHARATFORG,12.0,6.25,11.0,29.25
2026-09-07_1130,BHARTIARTL,31.0,10.99,9.43,51.42
2026-09-07_1130,BHEL,12.0,13.06,3.44,28.49
2026-09-07_1130,BIOCON,39.0,0.07,4.96,44.04
2026-09-07_1130,BLUESTARCO,13.0,-1.68,2.35,13.68
2026-09-07_1130,BOSCHLTD,-4.0,-0.05,-1.51,-5.56
2026-09-07_1130,BPCL,15.0,-0.28,1.32,16.04
2026-09-07_1130,BRITANNIA,8.0,4.05,1.09,13.14
2026-09-07_1130,BSE,64.0,13.22,2.42,79.64
2026-09-07_1130,CAMS,24.0,-1.3,2.92,25.62
2026-09-07_1130,CANBK,43.0,7.3,14.2,64.5
2026-09-07_1130,CDSL,39.0,5.26,6.42,50.69
2026-09-07_1130,CGPOWER,7.0,3.64,0.34,10.98
2026-09-07_1130,CHOLAFIN,0.0,-4.55,3.9,-0.65
2026-09-07_1130,CIPLA,8.0,6.08,1.35,15.42
2026-09-07_1130,COALINDIA,28.0,5.04,2.96,36.0
2026-09-07_1130,COCHINSHIP,4.0,8.35,2.0,14.35
2026-09-07_1130,COFORGE,21.0,-5.74,1.97,17.24
2026-09-07_1130,COLPAL,42.0,0.34,1.08,43.42
2026-09-07_1130,CONCOR,48.0,6.18,4.12,58.3
2026-09-07_1130,CROMPTON,30.0,1.29,10.41,41.7
2026-09-07_1130,CUMMINSIND,10.0,-2.99,4.0,11.01
2026-09-07_1130,DABUR,45.0,6.25,8.77,60.02
2026-09-07_1130,DELHIVERY,15.0,7.1,0.88,22.98
2026-09-07_1130,DIVISLAB,-6.0,3.16,-5.26,-8.1
2026-09-07_1130,DIXON,29.0,14.82,12.28,56.1
2026-09-07_1130,DLF,39.0,-0.25,1.49,40.24
2026-09-07_1130,DMART,19.0,6.54,8.91,34.45
2026-09-07_1130,DRREDDY,24.0,4.17,2.36,30.53
2026-09-07_1130,EICHERMOT,8.0,0.96,8.11,17.07
2026-09-07_1130,ETERNAL,13.0,-1.64,6.53,17.88
2026-09-07_1130,FEDERALBNK,10.0,-1.62,11.54,19.92
2026-09-07_1130,FINNIFTY,-1.0,-0.39,0.98,-0.41
2026-09-07_1130,FORCEMOT,15.0,-1.92,1.0,14.08
2026-09-07_1130,FORTIS,10.0,-0.45,0.0,9.55
2026-09-07_1130,GAIL,27.0,7.61,1.51,36.12
2026-09-07_1130,GLENMARK,21.0,2.1,0.16,23.27
2026-09-07_1130,GMRAIRPORT,19.0,9.96,3.48,32.45
2026-09-07_1130,GODFRYPHLP,6.0,-1.04,0.0,4.96
2026-09-07_1130,GODREJCP,19.0,1.66,-0.15,20.51
2026-09-07_1130,GODREJPROP,26.0,-2.13,4.67,28.54
2026-09-07_1130,GRASIM,9.0,1.19,1.03,11.22
2026-09-07_1130,GVT&D,13.0,3.51,0.51,17.02
2026-09-07_1130,HAL,43.0,5.6,3.59,52.19
2026-09-07_1130,HAVELLS,23.0,0.75,2.79,26.54
2026-09-07_1130,HCLTECH,34.0,-1.95,1.58,33.63
2026-09-07_1130,HDFCAMC,23.0,0.94,5.1,29.04
2026-09-07_1130,HDFCBANK,312.0,71.43,78.96,462.39
2026-09-07_1130,HDFCLIFE,39.0,3.5,13.66,56.17
2026-09-07_1130,HEROMOTOCO,16.0,5.35,3.94,25.29
2026-09-07_1130,HINDALCO,51.0,2.87,5.65,59.52
2026-09-07_1130,HINDPETRO,14.0,-0.31,10.08,23.77
2026-09-07_1130,HINDUNILVR,56.0,14.44,6.24,76.68
2026-09-07_1130,HINDZINC,32.0,5.44,7.05,44.48
2026-09-07_1130,HYUNDAI,2.0,2.64,0.99,5.63
2026-09-07_1130,ICICIBANK,19.0,-26.82,14.0,6.18
2026-09-07_1130,ICICIGI,14.0,-0.73,3.0,16.27
2026-09-07_1130,ICICIPRULI,22.0,0.9,4.5,27.39
2026-09-07_1130,IDEA,53.0,-5.32,4.99,52.66
2026-09-07_1130,IDFCFIRSTB,8.0,-8.02,5.16,5.14
2026-09-07_1130,IEX,22.0,1.55,2.1,25.65
2026-09-07_1130,INDHOTEL,9.0,-0.62,2.6,10.98
2026-09-07_1130,INDIANB,8.0,5.35,3.0,16.35
2026-09-07_1130,INDIGO,22.0,1.62,6.77,30.39
2026-09-07_1130,INDUSINDBK,24.0,-2.31,-3.53,18.16
2026-09-07_1130,INDUSTOWER,23.0,6.99,5.13,35.12
2026-09-07_1130,INFY,94.0,-0.38,20.45,114.07
2026-09-07_1130,INOXWIND,41.0,7.57,-0.4,48.18
2026-09-07_1130,IOC,21.0,0.45,7.6,29.05
2026-09-07_1130,IREDA,66.0,2.01,14.5,82.51
2026-09-07_1130,IRFC,52.0,0.19,3.78,55.97
2026-09-07_1130,ITC,103.0,44.31,15.93,163.23
2026-09-07_1130,JINDALSTEL,14.0,0.31,2.79,17.1
2026-09-07_1130,JIOFIN,157.0,26.48,42.59,226.07
2026-09-07_1130,JSWENERGY,21.0,0.74,0.13,21.87
2026-09-07_1130,JSWSTEEL,9.0,-7.91,2.45,3.55
2026-09-07_1130,JUBLFOOD,20.0,-6.35,8.0,21.65
2026-09-07_1130,KALYANKJIL,12.0,1.06,-10.56,2.5
2026-09-07_1130,KAYNES,14.0,3.54,25.17,42.71
2026-09-07_1130,KEI,10.0,8.98,2.33,21.31
2026-09-07_1130,KFINTECH,14.0,2.73,0.11,16.84
2026-09-07_1130,KOTAKBANK,13.0,-8.8,0.7,4.9
2026-09-07_1130,KPITTECH,24.0,16.62,0.8,41.41
2026-09-07_1130,LAURUSLABS,7.0,-2.99,4.02,8.03
2026-09-07_1130,LICHSGFIN,17.0,-5.24,3.7,15.46
2026-09-07_1130,LICI,40.0,1.55,7.6,49.16
2026-09-07_1130,LODHA,8.0,3.42,-4.19,7.24
2026-09-07_1130,LT,63.0,12.11,14.41,89.51
2026-09-07_1130,LTF,17.0,-8.01,9.07,18.07
2026-09-07_1130,LTM,17.0,-5.48,5.88,17.41
2026-09-07_1130,LUPIN,14.0,0.87,14.08,28.94
2026-09-07_1130,M&M,34.0,-1.42,15.94,48.52
2026-09-07_1130,MAHABANK,3.0,3.47,-0.92,5.55
2026-09-07_1130,MANAPPURAM,18.0,-1.41,2.22,18.82
2026-09-07_1130,MANKIND,7.0,2.3,2.0,11.3
2026-09-07_1130,MARICO,4.0,-0.93,0.0,3.07
2026-09-07_1130,MARUTI,36.0,38.87,6.31,81.18
2026-09-07_1130,MAXHEALTH,13.0,1.9,1.13,16.03
2026-09-07_1130,MAZDOCK,30.0,7.58,2.57,40.15
2026-09-07_1130,MCX,9.0,10.7,-0.63,19.07
2026-09-07_1130,MFSL,5.0,0.72,1.0,6.72
2026-09-07_1130,MIDCPNIFTY,6.0,1.79,-3.39,4.4
2026-09-07_1130,MOTHERSON,4.0,4.06,3.51,11.57
2026-09-07_1130,MOTILALOFS,0.0,-0.27,0.48,0.2
2026-09-07_1130,MPHASIS,14.0,-8.43,3.07,8.63
2026-09-07_1130,MUTHOOTFIN,18.0,3.44,3.36,24.81
2026-09-07_1130,NAM-INDIA,0.0,-2.9,2.0,-0.9
2026-09-07_1130,NATIONALUM,25.0,0.51,2.66,28.18
2026-09-07_1130,NAUKRI,2.0,4.29,-0.6,5.69
2026-09-07_1130,NBCC,25.0,0.5,2.0,27.5
2026-09-07_1130,NESTLEIND,7.0,1.37,2.88,11.26
2026-09-07_1130,NHPC,16.0,1.62,2.31,19.94
2026-09-07_1130,NIFTY,253.0,-32.51,494.2,714.7
2026-09-07_1130,NIFTYNXT50,1.0,0.0,0.0,1.0
2026-09-07_1130,NMDC,36.0,23.4,-3.78,55.62
2026-09-07_1130,NTPC,42.0,17.99,7.47,67.46
2026-09-07_1130,NYKAA,9.0,1.74,0.09,10.83
2026-09-07_1130,OBEROIRLTY,13.0,7.88,0.95,21.84
2026-09-07_1130,OFSS,15.0,1.41,1.22,17.62
2026-09-07_1130,OIL,2.0,-1.0,0.19,1.19
2026-09-07_1130,ONGC,19.0,8.9,11.18,39.08
2026-09-07_1130,PAGEIND,14.0,3.03,1.73,18.76
2026-09-07_1130,PATANJALI,15.0,4.72,2.05,21.78
2026-09-07_1130,PAYTM,11.0,6.72,-3.48,14.24
2026-09-07_1130,PERSISTENT,21.0,10.47,3.73,35.2
2026-09-07_1130,PETRONET,2.0,-0.4,1.16,2.76
2026-09-07_1130,PFC,67.0,10.71,13.79,91.51
2026-09-07_1130,PGEL,13.0,0.62,0.86,14.48
2026-09-07_1130,PHOENIXLTD,1.0,-0.73,1.0,1.27
2026-09-07_1130,PIDILITIND,4.0,-1.78,2.0,4.22
2026-09-07_1130,PIIND,16.0,2.37,20.04,38.4
2026-09-07_1130,PNB,32.0,12.55,0.79,45.34
2026-09-07_1130,PNBHOUSING,1.0,4.53,1.63,7.16
2026-09-07_1130,POLICYBZR,0.0,2.68,1.14,3.83
2026-09-07_1130,POLYCAB,22.0,3.72,7.3,33.01
2026-09-07_1130,POWERGRID,19.0,5.6,9.06,33.66
2026-09-07_1130,POWERINDIA,8.0,11.66,1.0,20.66
2026-09-07_1130,PREMIERENE,7.0,3.23,1.07,11.3
2026-09-07_1130,PRESTIGE,5.0,-0.85,4.12,8.27
2026-09-07_1130,RADICO,2.0,-0.64,0.0,1.36
2026-09-07_1130,RBLBANK,6.0,2.43,-0.61,7.82
2026-09-07_1130,RECLTD,62.0,8.04,8.25,78.3
2026-09-07_1130,RELIANCE,171.0,2.39,85.36,258.76
2026-09-07_1130,RVNL,66.0,-1.13,5.86,70.73
2026-09-07_1130,SAGILITY,8.0,4.61,0.12,12.73
2026-09-07_1130,SAIL,13.0,-2.0,-0.96,10.04
2026-09-07_1130,SBICARD,14.0,-4.24,5.33,15.09
2026-09-07_1130,SBILIFE,7.0,2.26,0.73,9.99
2026-09-07_1130,SBIN,103.0,12.32,17.96,133.29
2026-09-07_1130,SENSEX,7.0,-467.17,-36.9,-497.07
2026-09-07_1130,SHREECEM,6.0,1.93,2.0,9.93
2026-09-07_1130,SHRIRAMFIN,26.0,-2.19,6.78,30.59
2026-09-07_1130,SIEMENS,7.0,4.74,0.81,12.55
2026-09-07_1130,SOLARINDS,-1.0,6.16,-3.45,1.72
2026-09-07_1130,SONACOMS,6.0,1.8,2.58,10.38
2026-09-07_1130,SRF,38.0,-1.49,1.37,37.88
2026-09-07_1130,SUNPHARMA,17.0,1.4,2.98,21.38
2026-09-07_1130,SUPREMEIND,8.0,4.1,0.13,12.23
2026-09-07_1130,SUZLON,58.0,9.94,3.21,71.15
2026-09-07_1130,SWIGGY,28.0,6.49,1.53,36.02
2026-09-07_1130,TATACONSUM,12.0,4.82,2.8,19.62
2026-09-07_1130,TATAELXSI,22.0,4.8,2.11,28.9
2026-09-07_1130,TATAPOWER,48.0,-5.61,6.05,48.44
2026-09-07_1130,TATASTEEL,53.0,27.97,10.16,91.14
2026-09-07_1130,TCS,91.0,1.01,8.16,100.17
2026-09-07_1130,TECHM,11.0,-12.66,2.66,1.0
2026-09-07_1130,TIINDIA,2.0,1.27,1.0,4.27
2026-09-07_1130,TITAN,1.0,2.66,1.86,5.53
2026-09-07_1130,TMPV,92.0,9.99,29.68,131.67
2026-09-07_1130,TORNTPHARM,4.0,2.67,0.87,7.54
2026-09-07_1130,TRENT,42.0,3.85,12.89,58.74
2026-09-07_1130,TVSMOTOR,17.0,4.98,3.36,25.34
2026-09-07_1130,ULTRACEMCO,9.0,3.4,0.16,12.56
2026-09-07_1130,UNIONBANK,15.0,0.04,2.49,17.53
2026-09-07_1130,UNITDSPR,3.0,-2.5,4.96,5.46
2026-09-07_1130,UNOMINDA,9.0,1.12,1.1,11.22
2026-09-07_1130,UPL,28.0,1.85,8.14,37.99
2026-09-07_1130,VBL,40.0,8.85,9.49,58.35
2026-09-07_1130,VEDL,42.0,15.26,4.89,62.15
2026-09-07_1130,VMM,14.0,3.78,0.29,18.06
2026-09-07_1130,VOLTAS,31.0,4.69,10.32,46.01
2026-09-07_1130,WAAREEENER,33.0,5.11,6.34,44.45
2026-09-07_1130,WIPRO,86.0,-10.0,25.25,101.24
2026-09-07_1130,YESBANK,52.0,3.66,9.02,64.68
2026-09-07_1130,ZYDUSLIFE,7.0,0.06,1.15,8.21
2026-09-07_1430,360ONE,4.0,0.38,1.88,6.26
2026-09-07_1430,ABB,21.0,-3.53,4.88,22.35
2026-09-07_1430,ABCAPITAL,9.0,1.58,2.22,12.8
2026-09-07_1430,ADANIENSOL,44.0,11.47,-0.29,55.18
2026-09-07_1430,ADANIENT,42.0,16.02,-2.08,55.94
2026-09-07_1430,ADANIGREEN,41.0,-0.63,3.0,43.37
2026-09-07_1430,ADANIPORTS,31.0,-6.01,4.56,29.55
2026-09-07_1430,ADANIPOWER,60.0,9.96,5.68,75.64
2026-09-07_1430,ALKEM,4.0,0.8,0.0,4.8
2026-09-07_1430,AMBER,13.0,7.52,0.11,20.63
2026-09-07_1430,AMBUJACEM,72.0,14.9,11.23,98.12
2026-09-07_1430,ANGELONE,10.0,4.62,-0.48,14.13
2026-09-07_1430,APLAPOLLO,3.0,-2.5,0.69,1.19
2026-09-07_1430,APOLLOHOSP,2.0,-4.53,1.92,-0.61
2026-09-07_1430,ASHOKLEY,28.0,4.67,10.74,43.42
2026-09-07_1430,ASIANPAINT,19.0,5.79,1.61,26.4
2026-09-07_1430,ASTRAL,11.0,-1.28,3.85,13.56
2026-09-07_1430,ATHERENERG,4.0,4.5,1.0,9.5
2026-09-07_1430,AUBANK,2.0,4.55,1.87,8.42
2026-09-07_1430,AUROPHARMA,4.0,0.83,0.71,5.55
2026-09-07_1430,AXISBANK,32.0,-6.64,23.4,48.76
2026-09-07_1430,BAJAJ-AUTO,5.0,4.0,1.19,10.19
2026-09-07_1430,BAJAJFINSV,1.0,5.28,0.37,6.65
2026-09-07_1430,BAJAJHLDNG,1.0,0.0,0.0,1.0
2026-09-07_1430,BAJFINANCE,16.0,8.31,0.32,24.62
2026-09-07_1430,BANDHANBNK,34.0,-0.27,46.07,79.8
2026-09-07_1430,BANKBARODA,59.0,-1.87,23.94,81.08
2026-09-07_1430,BANKINDIA,15.0,-1.75,5.31,18.56
2026-09-07_1430,BANKNIFTY,93.0,63.76,28.27,185.03
2026-09-07_1430,BDL,32.0,5.58,2.39,39.97
2026-09-07_1430,BEL,88.0,1.27,18.54,107.81
2026-09-07_1430,BHARATFORG,12.0,6.03,11.0,29.03
2026-09-07_1430,BHARTIARTL,31.0,10.98,9.43,51.41
2026-09-07_1430,BHEL,16.0,12.2,3.56,31.76
2026-09-07_1430,BIOCON,38.0,-0.13,5.73,43.6
2026-09-07_1430,BLUESTARCO,13.0,-2.11,2.35,13.24
2026-09-07_1430,BOSCHLTD,-5.0,1.69,-1.02,-4.33
2026-09-07_1430,BPCL,15.0,-0.24,0.28,15.03
2026-09-07_1430,BRITANNIA,8.0,3.97,1.08,13.05
2026-09-07_1430,BSE,62.0,18.01,4.7,84.71
2026-09-07_1430,CAMS,24.0,-1.91,2.88,24.97
2026-09-07_1430,CANBK,44.0,6.27,14.19,64.46
2026-09-07_1430,CDSL,38.0,2.09,5.07,45.17
2026-09-07_1430,CGPOWER,8.0,5.44,1.35,14.79
2026-09-07_1430,CHOLAFIN,0.0,-4.83,2.78,-2.05
2026-09-07_1430,CIPLA,9.0,5.97,1.35,16.32
2026-09-07_1430,COALINDIA,28.0,3.22,-0.75,30.47
2026-09-07_1430,COCHINSHIP,4.0,7.09,2.0,13.09
2026-09-07_1430,COFORGE,21.0,-6.7,2.99,17.29
2026-09-07_1430,COLPAL,43.0,0.34,1.06,44.4
2026-09-07_1430,CONCOR,48.0,6.68,4.17,58.85
2026-09-07_1430,CROMPTON,30.0,1.2,10.44,41.65
2026-09-07_1430,CUMMINSIND,11.0,-3.79,4.0,11.21
2026-09-07_1430,DABUR,45.0,4.64,8.85,58.48
2026-09-07_1430,DELHIVERY,16.0,7.19,0.96,24.14
2026-09-07_1430,DIVISLAB,-6.0,3.14,-5.32,-8.18
2026-09-07_1430,DIXON,30.0,11.58,14.2,55.78
2026-09-07_1430,DLF,38.0,-0.25,0.92,38.67
2026-09-07_1430,DMART,19.0,6.22,9.07,34.29
2026-09-07_1430,DRREDDY,23.0,6.28,1.79,31.07
2026-09-07_1430,EICHERMOT,8.0,-1.13,7.96,14.83
2026-09-07_1430,ETERNAL,16.0,2.63,5.63,24.26
2026-09-07_1430,FEDERALBNK,10.0,-1.21,12.57,21.36
2026-09-07_1430,FINNIFTY,-1.0,-0.39,0.98,-0.41
2026-09-07_1430,FOCIT,0.0,1.0,0.0,1.0
2026-09-07_1430,FORCEMOT,14.0,-2.26,1.0,12.74
2026-09-07_1430,FORTIS,11.0,-0.43,0.0,10.57
2026-09-07_1430,GAIL,25.0,10.13,1.68,36.81
2026-09-07_1430,GLENMARK,23.0,1.12,0.16,24.28
2026-09-07_1430,GMRAIRPORT,20.0,11.1,3.49,34.6
2026-09-07_1430,GODFRYPHLP,6.0,-1.02,0.0,4.98
2026-09-07_1430,GODREJCP,19.0,2.83,1.77,23.6
2026-09-07_1430,GODREJPROP,26.0,0.42,4.78,31.21
2026-09-07_1430,GRASIM,9.0,1.22,0.18,10.4
2026-09-07_1430,GVT&D,13.0,3.52,0.51,17.02
2026-09-07_1430,HAL,43.0,4.71,3.63,51.34
2026-09-07_1430,HAVELLS,24.0,0.92,3.73,28.65
2026-09-07_1430,HCLTECH,35.0,-0.83,1.54,35.71
2026-09-07_1430,HDFCAMC,23.0,1.36,6.08,30.44
2026-09-07_1430,HDFCBANK,311.0,76.06,76.86,463.92
2026-09-07_1430,HDFCLIFE,39.0,3.48,13.69,56.17
2026-09-07_1430,HEROMOTOCO,16.0,6.74,3.95,26.69
2026-09-07_1430,HINDALCO,47.0,2.71,6.41,56.11
2026-09-07_1430,HINDPETRO,14.0,0.07,10.08,24.15
2026-09-07_1430,HINDUNILVR,56.0,17.85,6.27,80.12
2026-09-07_1430,HINDZINC,35.0,5.42,6.08,46.5
2026-09-07_1430,HYUNDAI,2.0,2.05,1.0,5.05
2026-09-07_1430,ICICIBANK,19.0,-25.13,14.72,8.59
2026-09-07_1430,ICICIGI,14.0,-0.71,3.0,16.29
2026-09-07_1430,ICICIPRULI,25.0,0.72,4.67,30.39
2026-09-07_1430,IDEA,51.0,-5.72,5.96,51.25
2026-09-07_1430,IDFCFIRSTB,8.0,-5.86,5.1,7.24
2026-09-07_1430,IEX,22.0,4.54,2.09,28.63
2026-09-07_1430,INDHOTEL,8.0,-0.61,2.59,9.98
2026-09-07_1430,INDIANB,8.0,5.48,3.0,16.48
2026-09-07_1430,INDIGO,22.0,-0.55,7.58,29.02
2026-09-07_1430,INDUSINDBK,24.0,-1.46,-3.18,19.36
2026-09-07_1430,INDUSTOWER,24.0,7.66,5.3,36.96
2026-09-07_1430,INFY,96.0,3.84,27.46,127.31
2026-09-07_1430,INOXWIND,40.0,6.59,-0.4,46.19
2026-09-07_1430,IOC,22.0,0.99,8.6,31.59
2026-09-07_1430,IREDA,66.0,1.98,14.49,82.47
2026-09-07_1430,IRFC,52.0,0.73,3.78,56.52
2026-09-07_1430,ITC,103.0,44.71,14.86,162.58
2026-09-07_1430,JINDALSTEL,14.0,0.31,2.74,17.05
2026-09-07_1430,JIOFIN,154.0,27.26,43.39,224.64
2026-09-07_1430,JSWENERGY,21.0,0.54,0.07,21.62
2026-09-07_1430,JSWSTEEL,8.0,-5.54,3.18,5.63
2026-09-07_1430,JUBLFOOD,20.0,-6.34,8.0,21.66
2026-09-07_1430,KALYANKJIL,12.0,2.89,-10.61,4.28
2026-09-07_1430,KAYNES,14.0,3.27,25.21,42.48
2026-09-07_1430,KEI,10.0,6.9,2.56,19.45
2026-09-07_1430,KFINTECH,14.0,2.05,0.12,16.17
2026-09-07_1430,KOTAKBANK,13.0,-7.65,0.7,6.05
2026-09-07_1430,KPITTECH,25.0,16.54,0.85,42.39
2026-09-07_1430,LAURUSLABS,6.0,-2.48,3.96,7.47
2026-09-07_1430,LICHSGFIN,17.0,-5.13,3.79,15.66
2026-09-07_1430,LICI,41.0,1.38,7.9,50.29
2026-09-07_1430,LODHA,8.0,4.11,-4.22,7.9
2026-09-07_1430,LT,65.0,10.43,13.64,89.07
2026-09-07_1430,LTF,17.0,-8.17,8.89,17.71
2026-09-07_1430,LTM,18.0,-6.14,5.9,17.76
2026-09-07_1430,LUPIN,14.0,0.93,14.05,28.98
2026-09-07_1430,M&M,33.0,-0.67,15.95,48.28
2026-09-07_1430,MAHABANK,4.0,4.3,-0.97,7.33
2026-09-07_1430,MANAPPURAM,17.0,3.72,4.0,24.72
2026-09-07_1430,MANKIND,7.0,3.26,2.0,12.26
2026-09-07_1430,MARICO,4.0,-0.0,0.0,4.0
2026-09-07_1430,MARUTI,36.0,38.02,5.85,79.87
2026-09-07_1430,MAXHEALTH,11.0,-0.07,3.0,13.93
2026-09-07_1430,MAZDOCK,30.0,5.76,2.51,38.28
2026-09-07_1430,MCX,8.0,6.53,-3.45,11.08
2026-09-07_1430,MFSL,5.0,1.7,1.0,7.7
2026-09-07_1430,MIDCPNIFTY,6.0,5.4,-2.35,9.05
2026-09-07_1430,MOTHERSON,2.0,5.08,3.48,10.56
2026-09-07_1430,MOTILALOFS,2.0,0.74,0.66,3.4
2026-09-07_1430,MPHASIS,14.0,-6.48,3.19,10.71
2026-09-07_1430,MUTHOOTFIN,18.0,3.44,4.24,25.68
2026-09-07_1430,NAM-INDIA,0.0,-1.33,2.0,0.67
2026-09-07_1430,NATIONALUM,27.0,0.33,1.65,28.98
2026-09-07_1430,NAUKRI,2.0,3.57,-0.65,4.92
2026-09-07_1430,NBCC,25.0,0.45,2.0,27.45
2026-09-07_1430,NESTLEIND,7.0,1.4,2.0,10.4
2026-09-07_1430,NHPC,16.0,1.66,2.93,20.59
2026-09-07_1430,NIFTY,257.0,8.27,360.13,625.4
2026-09-07_1430,NIFTYNXT50,1.0,0.0,0.0,1.0
2026-09-07_1430,NMDC,36.0,26.66,-1.77,60.89
2026-09-07_1430,NTPC,42.0,19.79,7.48,69.28
2026-09-07_1430,NYKAA,8.0,2.88,0.09,10.97
2026-09-07_1430,OBEROIRLTY,13.0,6.84,0.97,20.81
2026-09-07_1430,OFSS,15.0,-1.46,2.27,15.8
2026-09-07_1430,OIL,2.0,-1.0,0.2,1.2
2026-09-07_1430,ONGC,19.0,8.01,11.14,38.15
2026-09-07_1430,PAGEIND,14.0,2.85,1.8,18.64
2026-09-07_1430,PATANJALI,15.0,4.68,2.06,21.75
2026-09-07_1430,PAYTM,10.0,5.93,-4.1,11.82
2026-09-07_1430,PERSISTENT,21.0,10.86,5.11,36.97
2026-09-07_1430,PETRONET,2.0,-0.51,0.21,1.7
2026-09-07_1430,PFC,66.0,10.15,13.76,89.91
2026-09-07_1430,PGEL,13.0,0.71,0.91,14.62
2026-09-07_1430,PHOENIXLTD,1.0,-0.76,1.0,1.24
2026-09-07_1430,PIDILITIND,4.0,-1.76,1.0,3.24
2026-09-07_1430,PIIND,15.0,2.39,19.93,37.32
2026-09-07_1430,PNB,32.0,15.32,0.81,48.12
2026-09-07_1430,PNBHOUSING,1.0,4.78,1.57,7.35
2026-09-07_1430,POLICYBZR,3.0,2.36,2.92,8.28
2026-09-07_1430,POLYCAB,22.0,5.07,7.33,34.4
2026-09-07_1430,POWERGRID,20.0,3.79,8.11,31.9
2026-09-07_1430,POWERINDIA,8.0,10.12,1.0,19.12
2026-09-07_1430,PREMIERENE,8.0,2.6,1.1,11.7
2026-09-07_1430,PRESTIGE,5.0,-0.57,4.12,8.55
2026-09-07_1430,RADICO,2.0,0.0,0.0,2.0
2026-09-07_1430,RBLBANK,6.0,5.11,0.33,11.44
2026-09-07_1430,RECLTD,61.0,7.97,8.25,77.21
2026-09-07_1430,RELIANCE,174.0,10.68,81.7,266.38
2026-09-07_1430,RVNL,69.0,-1.59,5.86,73.26
2026-09-07_1430,SAGILITY,8.0,4.2,0.07,12.27
2026-09-07_1430,SAIL,13.0,-2.0,-1.0,10.0
2026-09-07_1430,SBICARD,13.0,-2.71,5.2,15.49
2026-09-07_1430,SBILIFE,8.0,3.19,0.8,11.99
2026-09-07_1430,SBIN,104.0,18.36,17.31,139.67
2026-09-07_1430,SENSEX,7.0,-441.72,-90.96,-525.68
2026-09-07_1430,SHREECEM,6.0,1.85,2.0,9.85
2026-09-07_1430,SHRIRAMFIN,27.0,-1.23,5.88,31.66
2026-09-07_1430,SIEMENS,4.0,3.94,0.87,8.8
2026-09-07_1430,SOLARINDS,1.0,6.66,-2.0,5.67
2026-09-07_1430,SONACOMS,5.0,1.72,2.63,9.35
2026-09-07_1430,SRF,37.0,-0.72,1.36,37.63
2026-09-07_1430,SUNPHARMA,17.0,2.35,3.0,22.35
2026-09-07_1430,SUPREMEIND,8.0,5.27,0.15,13.43
2026-09-07_1430,SUZLON,59.0,10.39,1.21,70.6
2026-09-07_1430,SWIGGY,30.0,6.21,3.49,39.7
2026-09-07_1430,TATACONSUM,13.0,6.65,3.65,23.31
2026-09-07_1430,TATAELXSI,23.0,4.52,2.16,29.67
2026-09-07_1430,TATAPOWER,48.0,-4.61,6.03,49.43
2026-09-07_1430,TATASTEEL,53.0,31.66,11.11,95.77
2026-09-07_1430,TCS,92.0,3.44,9.43,104.87
2026-09-07_1430,TECHM,11.0,-9.06,2.37,4.31
2026-09-07_1430,TIINDIA,2.0,1.16,1.0,4.16
2026-09-07_1430,TITAN,0.0,1.61,1.89,3.49
2026-09-07_1430,TMPV,91.0,8.87,26.2,126.07
2026-09-07_1430,TORNTPHARM,4.0,3.06,0.87,7.93
2026-09-07_1430,TRENT,42.0,3.64,12.11,57.74
2026-09-07_1430,TVSMOTOR,17.0,4.13,2.4,23.53
2026-09-07_1430,ULTRACEMCO,9.0,5.25,0.0,14.26
2026-09-07_1430,UNIONBANK,14.0,1.0,3.31,18.3
2026-09-07_1430,UNITDSPR,3.0,-1.88,5.07,6.2
2026-09-07_1430,UNOMINDA,9.0,2.24,1.1,12.33
2026-09-07_1430,UPL,29.0,2.2,7.23,38.43
2026-09-07_1430,VBL,40.0,9.53,9.48,59.01
2026-09-07_1430,VEDL,42.0,16.03,4.01,62.04
2026-09-07_1430,VMM,14.0,3.32,1.2,18.52
2026-09-07_1430,VOLTAS,32.0,3.95,11.11,47.06
2026-09-07_1430,WAAREEENER,34.0,4.7,6.48,45.18
2026-09-07_1430,WIPRO,88.0,-7.49,25.22,105.73
2026-09-07_1430,YESBANK,52.0,4.46,10.88,67.34
2026-09-07_1430,ZYDUSLIFE,6.0,1.92,0.53,8.45
